{"cameraMode":{"drawMode":0,"name":"Shaded","section":"Shading Mode"},"sceneLighting":true,"audioPlay":false,"sceneViewState":{"m_AlwaysRefresh":false,"showFog":true,"showSkybox":true,"showFlares":true,"showImageEffects":true,"showParticleSystems":true,"showVisualEffectGraphs":true,"m_FxEnabled":true},"in2DMode":false,"pivot":{"x":-1.4901161193847657e-8,"y":0.1899999976158142,"z":-8.639944076538086},"rotation":{"x":-0.0645454153418541,"y":0.6232218742370606,"z":-0.051727116107940677,"w":-0.7776613831520081},"size":0.23886039853096009,"orthographic":false}